{
  "ram_mb": 4096,
  "prediction_accuracy": 0.4326337962240599,
  "prediction_top3_accuracy": 0.8078873459198003,
  "lru": {
    "avg_load_time_ms": 8.943106196711627,
    "hit_rate": 0.9827196130441567,
    "page_faults": 443,
    "thrashing_events": 8,
    "evictions": 430,
    "total_accesses": 25636,
    "energy_total_mj": 263191.32999999396,
    "energy_storage_mj": 96392.0,
    "energy_eviction_mj": 11741.0,
    "energy_ram_hold_mj": 88273.52999998961
  },
  "adaptive": {
    "avg_load_time_ms": 7.170340484979584,
    "hit_rate": 0.987946637540958,
    "page_faults": 309,
    "thrashing_events": 0,
    "evictions": 296,
    "preloads": 0,
    "preload_hits": 7,
    "preload_tier1_hits": 6,
    "preload_tier2_hits": 1,
    "preload_tier3_hits": 0,
    "zram_hits": 225,
    "zram_stores": 278,
    "ghost_hits_b1": 88,
    "ghost_hits_b2": 201,
    "total_accesses": 25636,
    "inference_time_ms": 38454.0,
    "energy_total_mj": 246044.56999999654,
    "energy_storage_mj": 75096.0,
    "energy_preload_mj": 108.54999999999998,
    "energy_inference_mj": 3845.4000000016013,
    "energy_ram_hold_mj": 86767.91999999066
  },
  "improvements": {
    "load_time_reduction_pct": 19.822706705460877,
    "thrashing_reduction_pct": 100.0,
    "hit_rate_improvement_pct": 0.5318937800182564,
    "page_fault_reduction_pct": 30.248306997742663,
    "energy_reduction_pct": 6.514941050678916
  }
}