{
  "ram_mb": 4096,
  "prediction_accuracy": 0.43204868154158216,
  "prediction_top3_accuracy": 0.8066781089093462,
  "lru": {
    "avg_load_time_ms": 8.943106196711627,
    "hit_rate": 0.9827196130441567,
    "page_faults": 443,
    "thrashing_events": 8,
    "evictions": 430,
    "total_accesses": 25636,
    "energy_total_mj": 263191.32999999396,
    "energy_storage_mj": 96392.0,
    "energy_eviction_mj": 11741.0,
    "energy_ram_hold_mj": 88273.52999998961
  },
  "adaptive": {
    "avg_load_time_ms": 8.55959966864087,
    "hit_rate": 0.9877515993134655,
    "page_faults": 314,
    "thrashing_events": 0,
    "evictions": 301,
    "preloads": 0,
    "preload_hits": 14,
    "preload_tier1_hits": 10,
    "preload_tier2_hits": 4,
    "preload_tier3_hits": 0,
    "total_accesses": 25636,
    "inference_time_ms": 38454.0,
    "energy_total_mj": 243861.15999999677,
    "energy_storage_mj": 75240.0,
    "energy_preload_mj": 1898.0,
    "energy_inference_mj": 3845.4000000016013,
    "energy_ram_hold_mj": 86731.55999999086
  },
  "improvements": {
    "load_time_reduction_pct": 4.288292229066591,
    "thrashing_reduction_pct": 100.0,
    "hit_rate_improvement_pct": 0.512046997181757,
    "page_fault_reduction_pct": 29.119638826185103,
    "energy_reduction_pct": 7.344531447900519
  }
}