{
  "prediction_accuracy": 0.4204244031830239,
  "prediction_top3_accuracy": 0.801685130285536,
  "lru": {
    "avg_load_time_ms": 8.943106196711627,
    "hit_rate": 0.9827196130441567,
    "page_faults": 443,
    "thrashing_events": 8,
    "evictions": 430,
    "total_accesses": 25636
  },
  "adaptive": {
    "avg_load_time_ms": 8.0612869087581,
    "hit_rate": 0.9885707598689343,
    "page_faults": 293,
    "thrashing_events": 0,
    "evictions": 309,
    "preloads": 29,
    "preload_hits": 24,
    "total_accesses": 25636
  },
  "improvements": {
    "load_time_reduction_pct": 9.860324461737582,
    "thrashing_reduction_pct": 100.0,
    "hit_rate_improvement_pct": 0.5954034850950612,
    "page_fault_reduction_pct": 33.86004514672686
  }
}