{
  "ram_mb": 2048,
  "prediction_accuracy": 0.4326337962240599,
  "prediction_top3_accuracy": 0.8078873459198003,
  "lru": {
    "avg_load_time_ms": 42.656448411933155,
    "hit_rate": 0.7990716180371353,
    "page_faults": 5151,
    "thrashing_events": 50,
    "evictions": 5144,
    "total_accesses": 25636,
    "energy_total_mj": 1304601.520000004,
    "energy_storage_mj": 1070200.0,
    "energy_eviction_mj": 133573.0,
    "energy_ram_hold_mj": 46216.32000000119
  },
  "adaptive": {
    "avg_load_time_ms": 25.222669976729033,
    "hit_rate": 0.8409658293025433,
    "page_faults": 4077,
    "thrashing_events": 13,
    "evictions": 4071,
    "preloads": 1,
    "preload_hits": 477,
    "preload_tier1_hits": 394,
    "preload_tier2_hits": 82,
    "preload_tier3_hits": 1,
    "zram_hits": 1669,
    "zram_stores": 3135,
    "ghost_hits_b1": 1523,
    "ghost_hits_b2": 2534,
    "total_accesses": 25636,
    "inference_time_ms": 38454.0,
    "energy_total_mj": 1152198.0700000036,
    "energy_storage_mj": 894744.0,
    "energy_preload_mj": 9651.950000000057,
    "energy_inference_mj": 3845.4000000016013,
    "energy_ram_hold_mj": 45747.21999999975
  },
  "improvements": {
    "load_time_reduction_pct": 40.8702062273122,
    "thrashing_reduction_pct": 74.0,
    "hit_rate_improvement_pct": 5.242860629729059,
    "page_fault_reduction_pct": 20.85032032615026,
    "energy_reduction_pct": 11.681992368060397
  }
}