{
  "ram_mb": 2048,
  "prediction_accuracy": 0.43204868154158216,
  "prediction_top3_accuracy": 0.8066781089093462,
  "lru": {
    "avg_load_time_ms": 42.656448411933155,
    "hit_rate": 0.7990716180371353,
    "page_faults": 5151,
    "thrashing_events": 50,
    "evictions": 5144,
    "total_accesses": 25636,
    "energy_total_mj": 1304601.520000004,
    "energy_storage_mj": 1070200.0,
    "energy_eviction_mj": 133573.0,
    "energy_ram_hold_mj": 46216.32000000119
  },
  "adaptive": {
    "avg_load_time_ms": 32.68851183171062,
    "hit_rate": 0.8421360586674989,
    "page_faults": 4047,
    "thrashing_events": 14,
    "evictions": 4041,
    "preloads": 1,
    "preload_hits": 964,
    "preload_tier1_hits": 783,
    "preload_tier2_hits": 180,
    "preload_tier3_hits": 1,
    "total_accesses": 25636,
    "inference_time_ms": 38454.0,
    "energy_total_mj": 1217303.2100000044,
    "energy_storage_mj": 887720.0,
    "energy_preload_mj": 112250.5,
    "energy_inference_mj": 3845.4000000016013,
    "energy_ram_hold_mj": 45811.10999999953
  },
  "improvements": {
    "load_time_reduction_pct": 23.367947757774417,
    "thrashing_reduction_pct": 72.0,
    "hit_rate_improvement_pct": 5.389309250671219,
    "page_fault_reduction_pct": 21.432731508444963,
    "energy_reduction_pct": 6.69156893209808
  }
}