{"train_loss": [2.0810554150360914, 1.9162077020161117, 1.8708220127239898, 1.8428785474456135, 1.8196673489096176, 1.8004067639010635, 1.7815059108949787, 1.764560166016296, 1.7528921728158118, 1.740189292622571, 1.730344441967394, 1.7171597573625383, 1.7064737390034164, 1.6971106813780625, 1.687055287648685, 1.6781471063144242, 1.6663654731146653, 1.656705161734442, 1.646193001138505, 1.6379657765129703, 1.6300616363185134, 1.6178276338169921, 1.610508359556821, 1.6021665682145698, 1.5955227790166384, 1.5871818790483714, 1.581993736513895, 1.5729783875259322, 1.5708436615503014, 1.5633374605346564, 1.5561023818787618, 1.555214863925723, 1.5499553033454934, 1.5481147556448702, 1.5441677753050722, 1.5451889163884684, 1.5402214233599716, 1.5384500679658286, 1.5373239166772545, 1.5382720735204878], "val_loss": [1.9421679441417967, 1.895053146140916, 1.847520934683936, 1.8439261530126845, 1.8162757818187987, 1.7942662090063095, 1.7951037415436335, 1.7892271131277084, 1.778112530708313, 1.7671794912644796, 1.7686912907021386, 1.7787209749221802, 1.7806184483425957, 1.785250919205802, 1.7727183508021491, 1.7729101883513587, 1.782330830182348, 1.788296869822911, 1.7879456558397837, 1.8017867101090295, 1.7990355385201318, 1.8055298349687032, 1.8082194264445985, 1.8115404865571432, 1.8215830773115158, 1.8225334797586714, 1.8241794471229826, 1.8347673352275575, 1.832192091005189, 1.8393278526408332, 1.8458880249943053, 1.844207810504096, 1.847576501114028, 1.847443088889122, 1.848626794559615, 1.851026720234326, 1.8532751692192895, 1.8521771665130342, 1.8526627336229597, 1.8527726999350957], "val_acc": [0.3199435227673844, 0.3376632545005295, 0.3513589834098129, 0.35164136957289094, 0.35877162019061065, 0.36434874691140134, 0.36547829156371336, 0.3599717613836922, 0.3658312742675609, 0.3716201906106601, 0.3657606777267914, 0.36279562301447227, 0.36773738086833746, 0.36794917049064596, 0.369643487469114, 0.36830215319449344, 0.36724320508295094, 0.3658312742675609, 0.36519590540063535, 0.36830215319449344, 0.36547829156371336, 0.3661842569714084, 0.36138369219908223, 0.3628662195552418, 0.3635721849629368, 0.36216025414754677, 0.36194846452523827, 0.3608895164136957, 0.36131309565831277, 0.3604659371690787, 0.3597599717613837, 0.36053653370984823, 0.36060713025061775, 0.36060713025061775, 0.36096011295446523, 0.36103070949523475, 0.3597599717613837, 0.3601835510060007, 0.3603953406283092, 0.36032474408753973], "val_top3_acc": [0.6825273561595482, 0.6953759265795976, 0.7042004941757853, 0.706247793858101, 0.7108365690081186, 0.7186021884927638, 0.7185315919519943, 0.7200847158489234, 0.7238969290504765, 0.7304624073420403, 0.7277091422520297, 0.720861277797388, 0.7259442287327921, 0.724532297917402, 0.7286974938228027, 0.7267913872220261, 0.7238263325097071, 0.7188139781150724, 0.72340275326509, 0.720014119308154, 0.7210730674196965, 0.7193081539004589, 0.7224849982350865, 0.721426050123544, 0.7186727850335334, 0.7199435227673844, 0.7174020472996823, 0.7179668196258383, 0.7175432403812213, 0.7161313095658313, 0.7135898340981291, 0.7141546064242852, 0.7130956583127427, 0.7149311683727497, 0.7135898340981291, 0.7145781856689022, 0.7140134133427462, 0.7157077303212143, 0.7155665372396752, 0.7154253441581363]}