{"train_loss": [2.1000564565610644, 1.9249686760519018, 1.8721892767815134, 1.839614754046627, 1.8163119533553196, 1.7959003493414452, 1.780385072207331, 1.7689852016655045, 1.7555634987414184, 1.7469323280468658, 1.7363326258994827, 1.7294525486140995, 1.7206733103972585, 1.7127461487324394, 1.7043852836043392, 1.6957371007257969, 1.6888935652809527, 1.6807299178449353, 1.674667999972051, 1.667205669472565, 1.6594177451565038, 1.6533235269575264, 1.6470518444650737, 1.6401155863575, 1.637887228673427, 1.6298124655407278, 1.621498885166705, 1.61928757171535, 1.6159876797666501, 1.6124752613168265, 1.608081793665287, 1.6040425435382517, 1.602381799987812, 1.6019294375750288, 1.6004381748899144, 1.5983788383066955, 1.597391485568866, 1.595907090896338, 1.5945722358909684, 1.5954489908625733], "val_loss": [1.9729584859950202, 1.8982469694955009, 1.863400257059506, 1.8361346700361796, 1.819737053343228, 1.8126344893659865, 1.7981503989015306, 1.7975067517587118, 1.8012827294213432, 1.7965044868843896, 1.791305273771286, 1.795288962977273, 1.7918258373226439, 1.7954659312963486, 1.7953381389379501, 1.799708564366613, 1.8020909556320734, 1.8061226840530122, 1.8066422577415193, 1.80862791623388, 1.8187224375350135, 1.819653958082199, 1.8183872124978475, 1.8309276487146104, 1.826314513172422, 1.8316451885870524, 1.835589274764061, 1.8388105545725142, 1.8403334936925344, 1.839070901274681, 1.8446938863822393, 1.8446517884731293, 1.8457792954785484, 1.8482121058872767, 1.8487958099160875, 1.848821644272123, 1.8492759615182877, 1.8495293685368128, 1.8494036878858293, 1.8494331219366618], "val_acc": [0.30730674196964347, 0.34069890575361805, 0.3472643840451818, 0.3502294387575009, 0.3538298623367455, 0.35877162019061065, 0.3602541475467702, 0.3539710554182845, 0.36032474408753973, 0.3598305683021532, 0.3597599717613837, 0.35884221673138017, 0.3632897987998588, 0.3606777267913872, 0.35947758559830567, 0.3570773032121426, 0.3564419343452171, 0.3565125308859866, 0.35855983056830215, 0.35580656547829154, 0.35340628309212846, 0.35503000352982705, 0.3551006000705965, 0.34938228026826684, 0.35319449346981996, 0.3522061418990469, 0.3513589834098129, 0.3507236145428874, 0.34874691140134134, 0.34938228026826684, 0.34945287680903636, 0.34959406989057534, 0.3490998941051888, 0.34902929756441936, 0.3495234733498059, 0.3499470525944229, 0.3490998941051888, 0.3493116837274974, 0.34987645605365336, 0.34966466643134486], "val_top3_acc": [0.6679844687610307, 0.6915637133780445, 0.7026473702788564, 0.7094246381927286, 0.7146487822096718, 0.7197317331450759, 0.7212142605012355, 0.724108718672785, 0.7217790328273914, 0.723685139428168, 0.72340275326509, 0.7207200847158489, 0.7238263325097071, 0.7240381221320156, 0.7220614189904695, 0.723120367102012, 0.7224849982350865, 0.7206494881750795, 0.720437698552771, 0.720861277797388, 0.7181080127073773, 0.7190963642781504, 0.7194493469819979, 0.7189551711966113, 0.7183903988704553, 0.7172608542181433, 0.7142957995058242, 0.7154959406989058, 0.7159195199435228, 0.7146487822096718, 0.7132368513942817, 0.7154959406989058, 0.7150723614542888, 0.7137310271796682, 0.7147899752912107, 0.7140840098835157, 0.7150017649135192, 0.7150723614542888, 0.7155665372396752, 0.7155665372396752]}