{"train_loss": [2.0967867320506417, 1.927265350243554, 1.8737499917571867, 1.8411192699293395, 1.8167762642529741, 1.796212120870849, 1.783405598384052, 1.7695766858120061, 1.7573738706171813, 1.7502814282724006, 1.7394798209319762, 1.7298913112836867, 1.723176102542398, 1.7147920029846269, 1.70690748320153, 1.6999237588302574, 1.690812399638957, 1.6840911214076095, 1.6757293750892333, 1.6702031604009657, 1.6641269263310647, 1.6563172888516182, 1.6491941671874655, 1.6442516494036918, 1.6414624566408857, 1.6357250719813246, 1.629585403892862, 1.6254918263785203, 1.622611140485984, 1.6161082617601557, 1.6156545200539594, 1.6104825956737576, 1.6113184690475464, 1.6077309160975355, 1.6071784646067786, 1.6041863719422613, 1.6039835765733192, 1.6025888407649707, 1.6015923960724068, 1.6020008616111985], "val_loss": [1.9638398779290063, 1.8931887681995119, 1.8531428000756673, 1.827985337802342, 1.8092765978404455, 1.8077361285686493, 1.7962394463164466, 1.7752006479672022, 1.773506053856441, 1.7749670020171575, 1.7704741614205497, 1.7715597940342767, 1.779501152890069, 1.7736332991293497, 1.7827225774526596, 1.781186893582344, 1.7880756216389793, 1.7788144967385702, 1.7873059596334184, 1.8025995705808913, 1.7955433470862252, 1.7970579713582993, 1.802052112562316, 1.812172185097422, 1.8047348750489098, 1.8106475280863898, 1.813355722597667, 1.8177451427493776, 1.8171532324382238, 1.8167759031057358, 1.8175671164478575, 1.823876713003431, 1.8231850521905082, 1.8254163946424211, 1.8250655042273658, 1.8264532898153578, 1.8273008593491145, 1.8276174260037286, 1.8279389419725962, 1.8278825070176805], "val_acc": [0.3038475114719379, 0.34027532650900105, 0.3501588422167314, 0.35142957995058244, 0.353476879632898, 0.3473349805859513, 0.35806565478291563, 0.3572890928344511, 0.3561595481821391, 0.3567243205082951, 0.3568655135898341, 0.35630074126367806, 0.35453582774444053, 0.3565125308859866, 0.3569361101306036, 0.3573596893752206, 0.35806565478291563, 0.3560183551006001, 0.3555241793152136, 0.3571478997529121, 0.3546770208259795, 0.353759265795976, 0.35524179315213555, 0.35524179315213555, 0.353618072714437, 0.3535474761736675, 0.3542534415813625, 0.35432403812213203, 0.353335686551359, 0.3524179315213555, 0.35234733498058596, 0.353053300388281, 0.35298270384751146, 0.35185315919519944, 0.3512883868690434, 0.35142957995058244, 0.3510765972467349, 0.35164136957289094, 0.35227673843981644, 0.3524179315213555], "val_top3_acc": [0.6648076244264031, 0.691775503000353, 0.7018002117896223, 0.7108365690081186, 0.7176844334627603, 0.7146487822096718, 0.7176138369219909, 0.7250970702435581, 0.7292622661489587, 0.7261560183551006, 0.7289092834451112, 0.7277797387927991, 0.723967525591246, 0.7253088598658666, 0.7220614189904695, 0.7271443699258736, 0.7200847158489234, 0.7255912460289445, 0.7236145428873986, 0.7190257677373809, 0.7216378397458525, 0.720861277797388, 0.7202965054712319, 0.7210024708789269, 0.7205082950935404, 0.720437698552771, 0.7198023296858453, 0.7195199435227674, 0.7175432403812213, 0.7173314507589128, 0.7183198023296858, 0.7150723614542888, 0.7157077303212143, 0.7154959406989058, 0.7154253441581363, 0.7158489234027533, 0.7161313095658313, 0.7156371337804448, 0.7157077303212143, 0.7157783268619837]}