{"train_loss": [2.0930314890703365, 1.9228371953844425, 1.8694725887260246, 1.8414868373966695, 1.817118464402817, 1.7973900629048372, 1.779757846839464, 1.7672225991685186, 1.7566288928290708, 1.7488326025967622, 1.7400584095087483, 1.7316481420143166, 1.7209943320283938, 1.7137067249072857, 1.7068024214787698, 1.6983574922360367, 1.6903032813239935, 1.6819744646249704, 1.675652476411369, 1.671500958989014, 1.66374361814566, 1.6572476733270003, 1.6506430204190201, 1.6467192822964347, 1.6398129577013716, 1.6336122053352433, 1.6304788164157964, 1.624540459870094, 1.6249686877931182, 1.6191949715566396, 1.6146688536183917, 1.611911858446035, 1.6087252674390322, 1.6068493145794125, 1.604517276862159, 1.6020391676294146, 1.6034313491241416, 1.6005138802767997, 1.603320729193376, 1.6002158441735272], "val_loss": [1.9550455233880453, 1.8765869715384074, 1.8464064129761286, 1.832589023879596, 1.8078753799200058, 1.800987890788487, 1.7824484940086092, 1.792694770864078, 1.772329983966691, 1.7766030707529612, 1.7694292749677385, 1.7744098923036031, 1.7765464250530516, 1.7758214729172843, 1.7749445012637548, 1.7766443363257818, 1.7818626250539507, 1.7819136870758874, 1.7837564923933573, 1.786289523754801, 1.7905856732811247, 1.7936767169407435, 1.7962291921888078, 1.8026901355811529, 1.8019297825438636, 1.8052737606423241, 1.8046243978398187, 1.8105464258364268, 1.812732451728412, 1.8139782845973969, 1.814277789422444, 1.816571369767189, 1.818238833120891, 1.8187480632747923, 1.8199903815984726, 1.820833723459925, 1.8207999063389642, 1.8213101689304625, 1.8213705910103661, 1.821416246039527], "val_acc": [0.3156371337804448, 0.34288739851747263, 0.3510765972467349, 0.35121779032827394, 0.35164136957289094, 0.3546770208259795, 0.3566537239675256, 0.3570773032121426, 0.3606777267913872, 0.35792446170137665, 0.3604659371690787, 0.3629368160960113, 0.3604659371690787, 0.36138369219908223, 0.36258383339216377, 0.3594069890575362, 0.35877162019061065, 0.3603953406283092, 0.3572890928344511, 0.35898340981291915, 0.35919519943522765, 0.3595481821390752, 0.3595481821390752, 0.35877162019061065, 0.35764207553829863, 0.35580656547829154, 0.35721849629368163, 0.35785386516060713, 0.35524179315213555, 0.3573596893752206, 0.3575008824567596, 0.35460642428521, 0.35834804094599365, 0.35743028591599013, 0.35580656547829154, 0.35630074126367806, 0.3559477585598306, 0.35587716201906106, 0.3553123896929051, 0.35538298623367454], "val_top3_acc": [0.6693258030356513, 0.6969290504765266, 0.7032827391457819, 0.7059654076950229, 0.7139428168019767, 0.7157783268619837, 0.7206494881750795, 0.7156371337804448, 0.7262266148958701, 0.7229085774797035, 0.7265090010589481, 0.7256618425697141, 0.723685139428168, 0.7273561595481821, 0.7275679491704906, 0.724955877162019, 0.7258736321920226, 0.7242499117543241, 0.7214966466643135, 0.7255912460289445, 0.7216378397458525, 0.7241793152135545, 0.7246028944581715, 0.7223438051535475, 0.7237557359689375, 0.7226261913166255, 0.7209318743381574, 0.722696787857395, 0.721426050123544, 0.723120367102012, 0.7211436639604659, 0.7220614189904695, 0.7205788916343099, 0.7217790328273914, 0.722555594775856, 0.722414401694317, 0.7222026120720084, 0.722273208612778, 0.722273208612778, 0.722414401694317]}